﻿<?xml version="1.0" encoding="utf-8"?>
<DownloadTask>
  <ProjectInfo
    DeviceVersion="16.0.0.0"
    CreationTime="2022-10-25 05:25:24 (UTC)"
    Runtime="SMART"
    RtProjectName="MARIE.HMI_1[KTP700 Basic DP]"
    RtProjectFolderName="MARIE.HMI_1[KTP700 Basic DP]"
    DeviceType="KTP700_Basic_DP"
    DisplayOrientation="0"
    RTReleaseNo="16.0.0.0"
    ImageReleaseNo="16.0.0.0"
    RTCV="16.0.0.0"
    PRCV="16.0.0.0"
    FirmwareFileName=""
    RuntimeFileName=""
    RuntimeAddonFolderName="KTP700dp" />
  <FullDownload>pdata.srt</FullDownload>
  <FullDownload
    type="ADMINDATA">pdata.pwx</FullDownload>
  <FullDownload>pdata.ORIE.cnk</FullDownload>
  <FullDownload>pdata.ETH0.cnk</FullDownload>
  <FullDownload>pdata.IF1B.cnk</FullDownload>
</DownloadTask>