<?xml version="1.0" encoding="UTF-8"?>
<project-private xmlns="http://www.netbeans.org/ns/project-private/1">
    <editor-bookmarks xmlns="http://www.netbeans.org/ns/editor-bookmarks/2" lastBookmarkId="0"/>
    <open-files xmlns="http://www.netbeans.org/ns/projectui-open-files/2">
        <group>
            <file>file:/C:/Users/benie/OneDrive/Documents/NetBeansProjects/ArrayLesson_v003/src/arraylesson_v003/ArrayLesson_v003.java</file>
            <file>file:/C:/Users/benie/OneDrive/Documents/NetBeansProjects/ArrayLesson_v003/src/arraylesson_v003/Boolean_T_and_F.java</file>
        </group>
    </open-files>
</project-private>
