<?xml version="1.0"?>
<assembly xmlns="http://maven.apache.org/plugins/maven-assembly-plugin/assembly/1.1.2" xmlns:xsi="http://www.w3.org/2001/XMLSchema-instance"
          xsi:schemaLocation="http://maven.apache.org/plugins/maven-assembly-plugin/assembly/1.1.2 http://maven.apache.org/xsd/assembly-1.1.2.xsd">
  
    <id>javafx</id>
    <formats>
        <format>zip</format>
    </formats>
    <baseDirectory>${project.build.finalName}-app</baseDirectory>
    <dependencySets>
        <dependencySet>
            <useProjectArtifact>false</useProjectArtifact>
            <scope>runtime</scope>
            <outputDirectory>lib</outputDirectory>
            <outputFileNameMapping>${artifact.artifactId}-${artifact.baseVersion}.${artifact.extension}</outputFileNameMapping>
        </dependencySet>
    </dependencySets> 
    <files>
        <file>
            <source>${project.build.directory}/${project.build.finalName}.jar</source>
            <outputDirectory>/</outputDirectory>
        </file>
    </files>
    <fileSets>
        <fileSet>
            <directory>src/main/webapp/</directory>
            <outputDirectory>/</outputDirectory>
            <includes>
                <include>pages/**</include>
            </includes>
        </fileSet>
    </fileSets>
</assembly>