<?xml version="1.0" encoding="UTF-8"?>
<project-private xmlns="http://www.netbeans.org/ns/project-private/1">
    <editor-bookmarks xmlns="http://www.netbeans.org/ns/editor-bookmarks/2" lastBookmarkId="0"/>
    <open-files xmlns="http://www.netbeans.org/ns/projectui-open-files/2">
        <group>
            <file>file:/C:/Users/benie/OneDrive/Documents/NetBeansProjects/HTML5Application/.bowerrc</file>
            <file>file:/C:/Users/benie/OneDrive/Documents/NetBeansProjects/HTML5Application/bower.json</file>
            <file>file:/C:/Users/benie/OneDrive/Documents/NetBeansProjects/HTML5Application/package.json</file>
            <file>file:/C:/Users/benie/OneDrive/Documents/NetBeansProjects/HTML5Application/public_html/index.html</file>
            <file>file:/C:/Users/benie/OneDrive/Documents/NetBeansProjects/HTML5Application/gulpfile.js</file>
            <file>file:/C:/Users/benie/OneDrive/Documents/NetBeansProjects/HTML5Application/Gruntfile.js</file>
        </group>
    </open-files>
</project-private>
