<?xml version="1.0" encoding="utf-8"?>
<?xml-stylesheet type='text/xsl' href='ConversionLogFile.xsl'?>
<LogFile projectName="220489440_V17" typeText="Type" messageText="Message" timeText="Time">
  <MessageCell ServiceId="80" MessageId="30" MessageClass="Information" Timestamp="10/25/2022 11:46:05 AM">
    <Number ServiceNumber="80" MessageNumber="30" />
    <Text FeedbackText="Upgrade started" />
    <Help HelpId="-1" />
  </MessageCell>
  <Details ServiceId="80" MessageId="30" Timestamp="10/25/2022 11:46:08 AM" Debug="false">
    <Text>Reorganization succeed!</Text>
  </Details>
  <MessageCell ServiceId="80" MessageId="30" MessageClass="Information" Timestamp="10/25/2022 11:46:09 AM">
    <Number ServiceNumber="80" MessageNumber="30" />
    <Text FeedbackText="CheckRepair lost+found objects" />
    <Help HelpId="-1" />
  </MessageCell>
  <Details ServiceId="80" MessageId="30" Timestamp="10/25/2022 11:46:12 AM" Debug="false">
    <Text>No error is detected.</Text>
  </Details>
  <MessageCell ServiceId="80" MessageId="30" MessageClass="Information" Timestamp="10/25/2022 11:46:12 AM">
    <Number ServiceNumber="80" MessageNumber="30" />
    <Text FeedbackText="CheckRepair missing bidirectional links" />
    <Help HelpId="-1" />
  </MessageCell>
  <Details ServiceId="80" MessageId="30" Timestamp="10/25/2022 11:46:13 AM" Debug="false">
    <Text>No error is detected.</Text>
  </Details>
  <MessageCell ServiceId="80" MessageId="30" MessageClass="Information" Timestamp="10/25/2022 11:46:13 AM">
    <Number ServiceNumber="80" MessageNumber="30" />
    <Text FeedbackText="CheckRepair clear segment flags" />
    <Help HelpId="-1" />
  </MessageCell>
  <Details ServiceId="80" MessageId="30" Timestamp="10/25/2022 11:46:13 AM" Debug="false">
    <Text>No error is detected.</Text>
  </Details>
  <Details ServiceId="80" MessageId="30" Timestamp="10/25/2022 11:46:48 AM" Debug="false">
    <Text>HmiConvert: Started conversion section.</Text>
  </Details>
  <Details ServiceId="80" MessageId="30" Timestamp="10/25/2022 11:46:48 AM" Debug="false">
    <Text>HmiConvert: Starting conversion step &lt;Siemens.Simatic.Hmi.Device.DeviceManagers.Scan:Siemens.Simatic.Hmi.Utah.Device.Upgrade.DeviceConverter.ConvertHmiDeviceToV17&gt;.</Text>
  </Details>
  <Details ServiceId="80" MessageId="30" Timestamp="10/25/2022 11:46:48 AM" Debug="false">
    <Text>HmiConvert: Finished conversion step &lt;Siemens.Simatic.Hmi.Device.DeviceManagers.Scan:Siemens.Simatic.Hmi.Utah.Device.Upgrade.DeviceConverter.ConvertHmiDeviceToV17&gt;.</Text>
  </Details>
  <Details ServiceId="80" MessageId="30" Timestamp="10/25/2022 11:46:48 AM" Debug="false">
    <Text>HmiConvert: Starting conversion step &lt;Siemens.Simatic.Hmi.Communication.Managers.Scan:Siemens.Simatic.Hmi.Utah.Communication.OpcUaConverter.ConvertConnectionIlrtOpcUa&gt;.</Text>
  </Details>
  <Details ServiceId="80" MessageId="30" Timestamp="10/25/2022 11:46:48 AM" Debug="false">
    <Text>HmiConvert: Finished conversion step &lt;Siemens.Simatic.Hmi.Communication.Managers.Scan:Siemens.Simatic.Hmi.Utah.Communication.OpcUaConverter.ConvertConnectionIlrtOpcUa&gt;.</Text>
  </Details>
  <Details ServiceId="80" MessageId="30" Timestamp="10/25/2022 11:46:48 AM" Debug="false">
    <Text>HmiConvert: Starting conversion step &lt;Siemens.Simatic.Hmi.Alarm.Managers.Scan:Siemens.Simatic.Hmi.Utah.Alarm.MissingHmiControllerAlarmConverter.RepairHmiControllerAlarm&gt;.</Text>
  </Details>
  <Details ServiceId="80" MessageId="30" Timestamp="10/25/2022 11:46:48 AM" Debug="false">
    <Text>HmiConvert: Finished conversion step &lt;Siemens.Simatic.Hmi.Alarm.Managers.Scan:Siemens.Simatic.Hmi.Utah.Alarm.MissingHmiControllerAlarmConverter.RepairHmiControllerAlarm&gt;.</Text>
  </Details>
  <Details ServiceId="80" MessageId="30" Timestamp="10/25/2022 11:46:48 AM" Debug="false">
    <Text>HmiConvert: Starting conversion step &lt;Siemens.Simatic.Hmi.ScreenModules.Managers.Scan:Siemens.Simatic.Hmi.Utah.Modules.ScreenModules.PhaseConverter.BlockUpgradeForC0013Error&gt;.</Text>
  </Details>
  <Details ServiceId="80" MessageId="30" Timestamp="10/25/2022 11:46:48 AM" Debug="false">
    <Text>HmiConvert: Finished conversion step &lt;Siemens.Simatic.Hmi.ScreenModules.Managers.Scan:Siemens.Simatic.Hmi.Utah.Modules.ScreenModules.PhaseConverter.BlockUpgradeForC0013Error&gt;.</Text>
  </Details>
  <Details ServiceId="80" MessageId="30" Timestamp="10/25/2022 11:46:48 AM" Debug="false">
    <Text>HmiConvert: Starting conversion step &lt;Siemens.Simatic.Hmi.Tag.Managers.Scan:Siemens.Simatic.Hmi.BL.Tag.CheckRepair.Impl.CheckRepairErroneouslyCreatedSystemTagCopies.RemoveErroneouslyCreatedSystemTagCopies&gt;.</Text>
  </Details>
  <Details ServiceId="80" MessageId="30" Timestamp="10/25/2022 11:46:48 AM" Debug="false">
    <Text>HmiConvert: Finished conversion step &lt;Siemens.Simatic.Hmi.Tag.Managers.Scan:Siemens.Simatic.Hmi.BL.Tag.CheckRepair.Impl.CheckRepairErroneouslyCreatedSystemTagCopies.RemoveErroneouslyCreatedSystemTagCopies&gt;.</Text>
  </Details>
  <Details ServiceId="80" MessageId="30" Timestamp="10/25/2022 11:46:48 AM" Debug="false">
    <Text>HmiConvert: Starting conversion step &lt;Siemens.Simatic.Hmi.Globalization.Managers.Scan:Siemens.Simatic.Hmi.Utah.Globalization.DynamicScreenItemResourceDataRepair.DynamicResourceDataRepair&gt;.</Text>
  </Details>
  <Details ServiceId="80" MessageId="30" Timestamp="10/25/2022 11:46:48 AM" Debug="false">
    <Text>HmiConvert: Finished conversion step &lt;Siemens.Simatic.Hmi.Globalization.Managers.Scan:Siemens.Simatic.Hmi.Utah.Globalization.DynamicScreenItemResourceDataRepair.DynamicResourceDataRepair&gt;.</Text>
  </Details>
  <Details ServiceId="80" MessageId="30" Timestamp="10/25/2022 11:46:48 AM" Debug="false">
    <Text>HmiConvert: Starting conversion step &lt;Siemens.Simatic.Hmi.GraphX.GraphXManagers.Scan:Siemens.Simatic.Hmi.Utah.GraphX.PhaseConverter.RemoveHmiTextsInSoftKeysConverter&gt;.</Text>
  </Details>
  <Details ServiceId="80" MessageId="30" Timestamp="10/25/2022 11:46:48 AM" Debug="false">
    <Text>HmiConvert: Finished conversion step &lt;Siemens.Simatic.Hmi.GraphX.GraphXManagers.Scan:Siemens.Simatic.Hmi.Utah.GraphX.PhaseConverter.RemoveHmiTextsInSoftKeysConverter&gt;.</Text>
  </Details>
  <Details ServiceId="80" MessageId="30" Timestamp="10/25/2022 11:46:48 AM" Debug="false">
    <Text>HmiConvert: Starting conversion step &lt;Siemens.Simatic.Hmi.ScreenModules.Managers.Scan:Siemens.Simatic.Hmi.Utah.Modules.ScreenModules.PhaseConverter.MoveFontListsToDeviceLevel&gt;.</Text>
  </Details>
  <Details ServiceId="80" MessageId="30" Timestamp="10/25/2022 11:46:48 AM" Debug="false">
    <Text>HmiConvert: Finished conversion step &lt;Siemens.Simatic.Hmi.ScreenModules.Managers.Scan:Siemens.Simatic.Hmi.Utah.Modules.ScreenModules.PhaseConverter.MoveFontListsToDeviceLevel&gt;.</Text>
  </Details>
  <Details ServiceId="80" MessageId="30" Timestamp="10/25/2022 11:46:48 AM" Debug="false">
    <Text>HmiConvert: Starting conversion step &lt;Siemens.Simatic.Hmi.ScreenModules.Managers.Scan:Siemens.Simatic.Hmi.Utah.Modules.ScreenModules.PhaseConverter.RepairScreenModuleTagNames&gt;.</Text>
  </Details>
  <Details ServiceId="80" MessageId="30" Timestamp="10/25/2022 11:46:48 AM" Debug="false">
    <Text>HmiConvert: Finished conversion step &lt;Siemens.Simatic.Hmi.ScreenModules.Managers.Scan:Siemens.Simatic.Hmi.Utah.Modules.ScreenModules.PhaseConverter.RepairScreenModuleTagNames&gt;.</Text>
  </Details>
  <Details ServiceId="80" MessageId="30" Timestamp="10/25/2022 11:46:48 AM" Debug="false">
    <Text>HmiConvert: Starting conversion step &lt;Siemens.Simatic.Hmi.Globalization.Managers.Scan:Siemens.Simatic.Hmi.Utah.Globalization.TextRepairForConvert.TextsRepairInHmiBusinessLogicLevel&gt;.</Text>
  </Details>
  <Details ServiceId="80" MessageId="30" Timestamp="10/25/2022 11:46:49 AM" Debug="false">
    <Text>HmiConvert: Finished conversion step &lt;Siemens.Simatic.Hmi.Globalization.Managers.Scan:Siemens.Simatic.Hmi.Utah.Globalization.TextRepairForConvert.TextsRepairInHmiBusinessLogicLevel&gt;.</Text>
  </Details>
  <Details ServiceId="80" MessageId="30" Timestamp="10/25/2022 11:46:49 AM" Debug="false">
    <Text>HmiConvert: Starting conversion step &lt;Siemens.Simatic.Hmi.Globalization.Managers.Scan:Siemens.Simatic.Hmi.BL.Globalization.CustomFonts.FontLocator.Convert.FontLocatorProjectConverter.CreateFontLocators&gt;.</Text>
  </Details>
  <Details ServiceId="80" MessageId="30" Timestamp="10/25/2022 11:46:49 AM" Debug="false">
    <Text>HmiConvert: Finished conversion step &lt;Siemens.Simatic.Hmi.Globalization.Managers.Scan:Siemens.Simatic.Hmi.BL.Globalization.CustomFonts.FontLocator.Convert.FontLocatorProjectConverter.CreateFontLocators&gt;.</Text>
  </Details>
  <Details ServiceId="80" MessageId="30" Timestamp="10/25/2022 11:46:49 AM" Debug="false">
    <Text>HmiConvert: Starting conversion step &lt;Siemens.Simatic.Hmi.BL.RtCollab:Siemens.Simatic.Hmi.BL.RtCollab.Upgrade.RtCollabEnableDeviceCollaboration.SetDeviceCollaboration&gt;.</Text>
  </Details>
  <Details ServiceId="80" MessageId="30" Timestamp="10/25/2022 11:46:49 AM" Debug="false">
    <Text>HmiConvert: Finished conversion step &lt;Siemens.Simatic.Hmi.BL.RtCollab:Siemens.Simatic.Hmi.BL.RtCollab.Upgrade.RtCollabEnableDeviceCollaboration.SetDeviceCollaboration&gt;.</Text>
  </Details>
  <Details ServiceId="80" MessageId="30" Timestamp="10/25/2022 11:46:49 AM" Debug="false">
    <Text>HmiConvert: Starting conversion step &lt;Siemens.Simatic.Hmi.BL.ModernUI:Siemens.Simatic.Hmi.BL.ModernUI.Convert.ScreenItemPhaseConverter.AdaptModel&gt;.</Text>
  </Details>
  <Details ServiceId="80" MessageId="30" Timestamp="10/25/2022 11:46:49 AM" Debug="false">
    <Text>HmiConvert: Finished conversion step &lt;Siemens.Simatic.Hmi.BL.ModernUI:Siemens.Simatic.Hmi.BL.ModernUI.Convert.ScreenItemPhaseConverter.AdaptModel&gt;.</Text>
  </Details>
  <Details ServiceId="80" MessageId="30" Timestamp="10/25/2022 11:46:49 AM" Debug="false">
    <Text>HmiConvert: Starting conversion step &lt;Siemens.Simatic.Hmi.BL.RtCollab:Siemens.Simatic.Hmi.BL.RtCollab.Upgrade.RtCollabSelectiveCollaborationUpgrade.SetCheckedStatusOfRemoteDevices&gt;.</Text>
  </Details>
  <Details ServiceId="80" MessageId="30" Timestamp="10/25/2022 11:46:49 AM" Debug="false">
    <Text>HmiConvert: Finished conversion step &lt;Siemens.Simatic.Hmi.BL.RtCollab:Siemens.Simatic.Hmi.BL.RtCollab.Upgrade.RtCollabSelectiveCollaborationUpgrade.SetCheckedStatusOfRemoteDevices&gt;.</Text>
  </Details>
  <Details ServiceId="80" MessageId="30" Timestamp="10/25/2022 11:46:49 AM" Debug="false">
    <Text>HmiConvert is waiting for external dependency: Siemens.Simatic.Lang.SPLConvert</Text>
  </Details>
  <MessageCell ServiceId="80" MessageId="30" MessageClass="Warning" Timestamp="10/25/2022 11:46:54 AM">
    <Number ServiceNumber="80" MessageNumber="30" />
    <Text FeedbackText="Project element: '\PLC_1\ProgramBlocksFolder\OB1' - Checksum inconsistency for 'General'." />
    <Help HelpId="-1" />
  </MessageCell>
  <Details ServiceId="80" MessageId="30" Timestamp="10/25/2022 11:46:55 AM" Debug="false">
    <Text>HmiConvert: Started conversion section.</Text>
  </Details>
  <Details ServiceId="80" MessageId="30" Timestamp="10/25/2022 11:46:55 AM" Debug="false">
    <Text>HmiConvert: Starting conversion step &lt;Siemens.Simatic.Hmi.Tag.Managers.Scan:Siemens.Simatic.Hmi.Utah.Tag.RootTagConvertSynchronization.ResynchronizeRootTag&gt;.</Text>
  </Details>
  <Details ServiceId="80" MessageId="30" Timestamp="10/25/2022 11:46:56 AM" Debug="false">
    <Text>HmiConvert: Finished conversion step &lt;Siemens.Simatic.Hmi.Tag.Managers.Scan:Siemens.Simatic.Hmi.Utah.Tag.RootTagConvertSynchronization.ResynchronizeRootTag&gt;.</Text>
  </Details>
  <Details ServiceId="80" MessageId="30" Timestamp="10/25/2022 11:46:56 AM" Debug="false">
    <Text>HmiConvert: Starting conversion step &lt;Siemens.Simatic.Hmi.Alarm.Managers.Scan:Siemens.Simatic.Hmi.Utah.Alarm.AlarmDataConverterWithHmiBl.ConvertTagBitCombinationForILDevices&gt;.</Text>
  </Details>
  <Details ServiceId="80" MessageId="30" Timestamp="10/25/2022 11:46:56 AM" Debug="false">
    <Text>HmiConvert: Finished conversion step &lt;Siemens.Simatic.Hmi.Alarm.Managers.Scan:Siemens.Simatic.Hmi.Utah.Alarm.AlarmDataConverterWithHmiBl.ConvertTagBitCombinationForILDevices&gt;.</Text>
  </Details>
  <Details ServiceId="80" MessageId="30" Timestamp="10/25/2022 11:46:56 AM" Debug="false">
    <Text>HmiConvert: Starting conversion step &lt;Siemens.Simatic.Hmi.Alarm.Managers.Scan:Siemens.Simatic.Hmi.Utah.Alarm.AlarmPartnerIdConverter.RepairPartnerId&gt;.</Text>
  </Details>
  <Details ServiceId="80" MessageId="30" Timestamp="10/25/2022 11:46:56 AM" Debug="false">
    <Text>HmiConvert: Finished conversion step &lt;Siemens.Simatic.Hmi.Alarm.Managers.Scan:Siemens.Simatic.Hmi.Utah.Alarm.AlarmPartnerIdConverter.RepairPartnerId&gt;.</Text>
  </Details>
  <Details ServiceId="80" MessageId="30" Timestamp="10/25/2022 11:46:56 AM" Debug="false">
    <Text>HmiConvert: Starting conversion step &lt;Siemens.Automation.Simatic.CPM.HMI:Siemens.Automation.Simatic.CPM.HMI.Convert.ConvertFaceplatesInCpm.RemoveFaceplatesUsedInCpm&gt;.</Text>
  </Details>
  <Details ServiceId="80" MessageId="30" Timestamp="10/25/2022 11:46:56 AM" Debug="false">
    <Text>HmiConvert: Finished conversion step &lt;Siemens.Automation.Simatic.CPM.HMI:Siemens.Automation.Simatic.CPM.HMI.Convert.ConvertFaceplatesInCpm.RemoveFaceplatesUsedInCpm&gt;.</Text>
  </Details>
  <Details ServiceId="80" MessageId="30" Timestamp="10/25/2022 11:46:56 AM" Debug="false">
    <Text>HmiConvert: Starting conversion step &lt;Siemens.Automation.Simatic.CPM.HMI:Siemens.Automation.Simatic.CPM.HMI.Convert.ConvertDefectivePlantObjectTypeInterface.RemoveDefectivePlantObjectTypeInterface&gt;.</Text>
  </Details>
  <Details ServiceId="80" MessageId="30" Timestamp="10/25/2022 11:46:56 AM" Debug="false">
    <Text>HmiConvert: Finished conversion step &lt;Siemens.Automation.Simatic.CPM.HMI:Siemens.Automation.Simatic.CPM.HMI.Convert.ConvertDefectivePlantObjectTypeInterface.RemoveDefectivePlantObjectTypeInterface&gt;.</Text>
  </Details>
  <Details ServiceId="80" MessageId="30" Timestamp="10/25/2022 11:46:56 AM" Debug="false">
    <Text>HmiConvert: Starting conversion step &lt;Siemens.Simatic.Hmi.BL.FaceplateLib:Siemens.Simatic.Hmi.BL.FaceplateLib.Convert.CommonDataFaceplateConverter.MoveFaceplatesToLibrary&gt;.</Text>
  </Details>
  <Details ServiceId="80" MessageId="30" Timestamp="10/25/2022 11:46:56 AM" Debug="false">
    <Text>HmiConvert: Finished conversion step &lt;Siemens.Simatic.Hmi.BL.FaceplateLib:Siemens.Simatic.Hmi.BL.FaceplateLib.Convert.CommonDataFaceplateConverter.MoveFaceplatesToLibrary&gt;.</Text>
  </Details>
  <Details ServiceId="80" MessageId="30" Timestamp="10/25/2022 11:46:56 AM" Debug="false">
    <Text>HmiConvert: Starting conversion step &lt;Siemens.Simatic.Hmi.BL.ModernUI:Siemens.Simatic.Hmi.BL.ModernUI.Faceplate.Convert.ChromDataTypesConverter.ConvertChromDataTypes&gt;.</Text>
  </Details>
  <Details ServiceId="80" MessageId="30" Timestamp="10/25/2022 11:46:56 AM" Debug="false">
    <Text>HmiConvert: Finished conversion step &lt;Siemens.Simatic.Hmi.BL.ModernUI:Siemens.Simatic.Hmi.BL.ModernUI.Faceplate.Convert.ChromDataTypesConverter.ConvertChromDataTypes&gt;.</Text>
  </Details>
  <Details ServiceId="80" MessageId="30" Timestamp="10/25/2022 11:46:56 AM" Debug="false">
    <Text>HmiConvert: Starting conversion step &lt;Siemens.Simatic.Hmi.BL.ILStyles:Siemens.Simatic.Hmi.BL.ILStyles.Convert.StyleConverter.AdaptModel&gt;.</Text>
  </Details>
  <Details ServiceId="80" MessageId="30" Timestamp="10/25/2022 11:46:56 AM" Debug="false">
    <Text>HmiConvert: Finished conversion step &lt;Siemens.Simatic.Hmi.BL.ILStyles:Siemens.Simatic.Hmi.BL.ILStyles.Convert.StyleConverter.AdaptModel&gt;.</Text>
  </Details>
  <Details ServiceId="80" MessageId="30" Timestamp="10/25/2022 11:46:56 AM" Debug="false">
    <Text>HmiConvert: Starting conversion step &lt;Siemens.Simatic.Hmi.BL.ILStyles:Siemens.Simatic.Hmi.BL.ILStyles.Convert.StyleConverter.RemoveUnreferencedFontLists&gt;.</Text>
  </Details>
  <Details ServiceId="80" MessageId="30" Timestamp="10/25/2022 11:46:56 AM" Debug="false">
    <Text>HmiConvert: Finished conversion step &lt;Siemens.Simatic.Hmi.BL.ILStyles:Siemens.Simatic.Hmi.BL.ILStyles.Convert.StyleConverter.RemoveUnreferencedFontLists&gt;.</Text>
  </Details>
  <Details ServiceId="80" MessageId="30" Timestamp="10/25/2022 11:46:56 AM" Debug="false">
    <Text>HmiConvert: Starting conversion step &lt;Siemens.Simatic.Hmi.BL.ModernUI:Siemens.Simatic.Hmi.BL.ModernUI.Convert.DynamicScreenItemConverter.UpdateOutdatedDynamicScreenItems&gt;.</Text>
  </Details>
  <Details ServiceId="80" MessageId="30" Timestamp="10/25/2022 11:46:56 AM" Debug="false">
    <Text>HmiConvert: Finished conversion step &lt;Siemens.Simatic.Hmi.BL.ModernUI:Siemens.Simatic.Hmi.BL.ModernUI.Convert.DynamicScreenItemConverter.UpdateOutdatedDynamicScreenItems&gt;.</Text>
  </Details>
  <Details ServiceId="80" MessageId="30" Timestamp="10/25/2022 11:46:56 AM" Debug="false">
    <Text>HmiConvert: Starting conversion step &lt;Siemens.Simatic.Hmi.Alarm.Managers.Scan:Siemens.Simatic.Hmi.Utah.Alarm.AlarmDataConverterWithHmiBl.RecreateSystemDataObjects&gt;.</Text>
  </Details>
  <Details ServiceId="80" MessageId="30" Timestamp="10/25/2022 11:46:56 AM" Debug="false">
    <Text>HmiConvert: Finished conversion step &lt;Siemens.Simatic.Hmi.Alarm.Managers.Scan:Siemens.Simatic.Hmi.Utah.Alarm.AlarmDataConverterWithHmiBl.RecreateSystemDataObjects&gt;.</Text>
  </Details>
  <Details ServiceId="80" MessageId="30" Timestamp="10/25/2022 11:46:56 AM" Debug="false">
    <Text>HmiConvert: Starting conversion step &lt;Siemens.Simatic.Hmi.GraphX.GraphXManagers.Scan:Siemens.Simatic.Hmi.Utah.GraphX.PhaseConverter.RepairFontOfGroups&gt;.</Text>
  </Details>
  <Details ServiceId="80" MessageId="30" Timestamp="10/25/2022 11:46:56 AM" Debug="false">
    <Text>HmiConvert: Finished conversion step &lt;Siemens.Simatic.Hmi.GraphX.GraphXManagers.Scan:Siemens.Simatic.Hmi.Utah.GraphX.PhaseConverter.RepairFontOfGroups&gt;.</Text>
  </Details>
  <Details ServiceId="80" MessageId="30" Timestamp="10/25/2022 11:46:56 AM" Debug="false">
    <Text>HmiConvert: Starting conversion step &lt;Siemens.Simatic.Hmi.Styles.Managers.Scan:Siemens.Simatic.Hmi.Utah.Styles.HmiStyleConverter.RepairStylesAfterConvert&gt;.</Text>
  </Details>
  <Details ServiceId="80" MessageId="30" Timestamp="10/25/2022 11:46:57 AM" Debug="false">
    <Text>HmiConvert: Finished conversion step &lt;Siemens.Simatic.Hmi.Styles.Managers.Scan:Siemens.Simatic.Hmi.Utah.Styles.HmiStyleConverter.RepairStylesAfterConvert&gt;.</Text>
  </Details>
  <Details ServiceId="80" MessageId="30" Timestamp="10/25/2022 11:46:57 AM" Debug="false">
    <Text>HmiConvert: Finished conversion section.</Text>
  </Details>
  <MessageCell ServiceId="80" MessageId="30" MessageClass="Information" Timestamp="10/25/2022 11:46:58 AM">
    <Number ServiceNumber="80" MessageNumber="30" />
    <Text FeedbackText="The cross-reference information is being converted." />
    <Help HelpId="-1" />
  </MessageCell>
  <MessageCell ServiceId="80" MessageId="30" MessageClass="Information" Timestamp="10/25/2022 11:47:00 AM">
    <Number ServiceNumber="80" MessageNumber="30" />
    <Text FeedbackText="The cross-reference information was created successfully." />
    <Help HelpId="-1" />
  </MessageCell>
  <MessageCell ServiceId="80" MessageId="30" MessageClass="Information" Timestamp="10/25/2022 11:47:00 AM">
    <Number ServiceNumber="80" MessageNumber="30" />
    <Text FeedbackText="Conversion of the cross-reference information is finished." />
    <Help HelpId="-1" />
  </MessageCell>
  <Details ServiceId="80" MessageId="30" Timestamp="10/25/2022 11:47:01 AM" Debug="false">
    <Text>Package container 'Siemens.Simatic.Lang.S7PSW.V16.0.0.0.NonMandatory' was deleted</Text>
  </Details>
  <Details ServiceId="80" MessageId="30" Timestamp="10/25/2022 11:47:01 AM" Debug="false">
    <Text>Product version 'Siemens.Simatic.STEP7.Professional:16.00.00.00' was deleted</Text>
  </Details>
  <MessageCell ServiceId="Automation-ObjectFrame-Feedbacks" MessageId="ConversionInfoTabProjectSucceeded" MessageClass="Success" Timestamp="10/25/2022 11:47:11 AM">
    <Number ServiceNumber="80" MessageNumber="34" />
    <Text FeedbackText="Project 'D:\GWETYANA_211078867_COUNTER\220489440\System\PEData.plf' was successfully upgraded and saved as project 'D:\GWETYANA_211078867_COUNTER\220489440_V17\System\PEData.plf'." />
    <Help HelpId="-1" HelpFile="" />
  </MessageCell>
  <MessageCell ServiceId="80" MessageId="30" MessageClass="Information" Timestamp="10/25/2022 11:47:12 AM">
    <Number ServiceNumber="80" MessageNumber="30" />
    <Text FeedbackText="FinalCheckRemainingErrors" />
    <Help HelpId="-1" />
  </MessageCell>
  <Details ServiceId="80" MessageId="30" Timestamp="10/25/2022 11:47:12 AM" Debug="false">
    <Text>No error is detected.</Text>
  </Details>
</LogFile>