<?xml version="1.0" encoding="UTF-8"?>
<actions>
    <action>
        <actionName>run</actionName>
        <goals>
            <goal>process-classes</goal>
            <goal>exec:exec</goal>
        </goals>
        <activatedProfiles>
            <activatedProfile>desktop</activatedProfile>
        </activatedProfiles>
    </action>
    <action>
        <actionName>debug</actionName>
        <goals>
            <goal>process-classes</goal>
            <goal>exec:exec</goal>
        </goals>
        <properties>
            <jpda.listen>true</jpda.listen>
            <exec.debug.arg>-Xrunjdwp:transport=dt_socket,server=n,address=${jpda.address}</exec.debug.arg>
        </properties>
        <activatedProfiles>
            <activatedProfile>desktop</activatedProfile>
        </activatedProfiles>
    </action>
        <action>
            <actionName>CUSTOM-Build Desktop App</actionName>
            <displayName>Build Desktop App</displayName>
            <goals>
                <goal>clean</goal>
                <goal>package</goal>
            </goals>
            <activatedProfiles>
                <activatedProfile>desktop</activatedProfile>
            </activatedProfiles>
        </action>
        <action>
            <actionName>CUSTOM-Browser-Presenter</actionName>
            <displayName>Run with Browser Presenter</displayName>
            <goals>
                <goal>process-classes</goal>
                <goal>exec:exec</goal>
            </goals>
            <activatedProfiles>
                <activatedProfile>browser-presenter</activatedProfile>
            </activatedProfiles>
        </action>
        <action>
            <actionName>CUSTOM-WebKit-Presenter</actionName>
            <displayName>Run with WebKit Presenter</displayName>
            <goals>
                <goal>process-classes</goal>
                <goal>exec:exec</goal>
            </goals>
            <activatedProfiles>
                <activatedProfile>webkit-presenter</activatedProfile>
            </activatedProfiles>
        </action>
</actions>
